Workbook
Name Slicer_Category: #N/A
Name Slicer_Low_Stock_Alert: #N/A

Sheet Products
A1: Product ID | B1: Product Name | C1: Category | D1: Unit Cost | E1: Opening Stock
A2: P0001 | B2: Product_1 | C2: Electronics | D2: 1739 | E2: 399
A3: P0002 | B3: Product_2 | C3: Office Supplies | D3: 16149 | E3: 134
A4: P0003 | B4: Product_3 | C4: Accessories | D4: 48365 | E4: 72
A5: P0004 | B5: Product_4 | C5: Storage | D5: 5797 | E5: 322
A6: P0005 | B6: Product_5 | C6: Networking | D6: 2182 | E6: 35
A7: P0006 | B7: Product_6 | C7: Electronics | D7: 14428 | E7: 139
A8: P0007 | B8: Product_7 | C8: Storage | D8: 39553 | E8: 33
A9: P0008 | B9: Product_8 | C9: Storage | D9: 13131 | E9: 386
A10: P0009 | B10: Product_9 | C10: Storage | D10: 27593 | E10: 132
A11: P0010 | B11: Product_10 | C11: Networking | D11: 38718 | E11: 162
A12: P0011 | B12: Product_11 | C12: Electronics | D12: 49829 | E12: 432
A13: P0012 | B13: Product_12 | C13: Accessories | D13: 45853 | E13: 236
... A501: P0500 | B501: Product_500 | C501: Networking | D501: 6107 | E501: 359

Sheet Purchases
A1: Purchase ID | B1: Product ID | C1: Quantity Purchased | D1: Product Name | E1: Product Category
A2: PU00001 | B2: P0109 | C2: 87 | D2: =VLOOKUP(B2,Products!$A:$E,2,FALSE) -> Product_109 | E2: =VLOOKUP(B2,Products!$A:$E,3,FALSE) -> Storage
A3: PU00002 | B3: P0328 | C3: 81 | D3: =VLOOKUP(B3,Products!$A:$E,2,FALSE) -> Product_328 | E3: =VLOOKUP(B3,Products!$A:$E,3,FALSE) -> Office Supplies
A4: PU00003 | B4: P0498 | C4: 7 | D4: =VLOOKUP(B4,Products!$A:$E,2,FALSE) -> Product_498 | E4: =VLOOKUP(B4,Products!$A:$E,3,FALSE) -> Office Supplies
A5: PU00004 | B5: P0026 | C5: 47 | D5: =VLOOKUP(B5,Products!$A:$E,2,FALSE) -> Product_26 | E5: =VLOOKUP(B5,Products!$A:$E,3,FALSE) -> Office Supplies
A6: PU00005 | B6: P0125 | C6: 21 | D6: =VLOOKUP(B6,Products!$A:$E,2,FALSE) -> Product_125 | E6: =VLOOKUP(B6,Products!$A:$E,3,FALSE) -> Office Supplies
A7: PU00006 | B7: P0403 | C7: 77 | D7: =VLOOKUP(B7,Products!$A:$E,2,FALSE) -> Product_403 | E7: =VLOOKUP(B7,Products!$A:$E,3,FALSE) -> Networking
A8: PU00007 | B8: P0106 | C8: 13 | D8: =VLOOKUP(B8,Products!$A:$E,2,FALSE) -> Product_106 | E8: =VLOOKUP(B8,Products!$A:$E,3,FALSE) -> Networking
A9: PU00008 | B9: P0425 | C9: 75 | D9: =VLOOKUP(B9,Products!$A:$E,2,FALSE) -> Product_425 | E9: =VLOOKUP(B9,Products!$A:$E,3,FALSE) -> Office Supplies
A10: PU00009 | B10: P0107 | C10: 80 | D10: =VLOOKUP(B10,Products!$A:$E,2,FALSE) -> Product_107 | E10: =VLOOKUP(B10,Products!$A:$E,3,FALSE) -> Office Supplies
A11: PU00010 | B11: P0111 | C11: 34 | D11: =VLOOKUP(B11,Products!$A:$E,2,FALSE) -> Product_111 | E11: =VLOOKUP(B11,Products!$A:$E,3,FALSE) -> Office Supplies
A12: PU00011 | B12: P0169 | C12: 23 | D12: =VLOOKUP(B12,Products!$A:$E,2,FALSE) -> Product_169 | E12: =VLOOKUP(B12,Products!$A:$E,3,FALSE) -> Accessories
A13: PU00012 | B13: P0404 | C13: 81 | D13: =VLOOKUP(B13,Products!$A:$E,2,FALSE) -> Product_404 | E13: =VLOOKUP(B13,Products!$A:$E,3,FALSE) -> Storage
... A5001: PU05000 | B5001: P0250 | C5001: 38 | D5001: =VLOOKUP(B5001,Products!$A:$E,2,FALSE) -> Product_250 | E5001: =VLOOKUP(B5001,Products!$A:$E,3,FALSE) -> Networking

Sheet Sales
A1: Sale ID | B1: Product ID | C1: Quantity Sold | D1: Product Name | E1: Product Category
A2: S00001 | B2: P0175 | C2: 23 | D2: =VLOOKUP(B2,Products!$A:$E,2,FALSE) -> Product_175 | E2: =VLOOKUP(B2,Products!$A:$E,3,FALSE) -> Storage
A3: S00002 | B3: P0394 | C3: 3 | D3: =VLOOKUP(B3,Products!$A:$E,2,FALSE) -> Product_394 | E3: =VLOOKUP(B3,Products!$A:$E,3,FALSE) -> Electronics
A4: S00003 | B4: P0395 | C4: 36 | D4: =VLOOKUP(B4,Products!$A:$E,2,FALSE) -> Product_395 | E4: =VLOOKUP(B4,Products!$A:$E,3,FALSE) -> Accessories
A5: S00004 | B5: P0137 | C5: 10 | D5: =VLOOKUP(B5,Products!$A:$E,2,FALSE) -> Product_137 | E5: =VLOOKUP(B5,Products!$A:$E,3,FALSE) -> Storage
A6: S00005 | B6: P0437 | C6: 45 | D6: =VLOOKUP(B6,Products!$A:$E,2,FALSE) -> Product_437 | E6: =VLOOKUP(B6,Products!$A:$E,3,FALSE) -> Accessories
A7: S00006 | B7: P0448 | C7: 33 | D7: =VLOOKUP(B7,Products!$A:$E,2,FALSE) -> Product_448 | E7: =VLOOKUP(B7,Products!$A:$E,3,FALSE) -> Networking
A8: S00007 | B8: P0310 | C8: 43 | D8: =VLOOKUP(B8,Products!$A:$E,2,FALSE) -> Product_310 | E8: =VLOOKUP(B8,Products!$A:$E,3,FALSE) -> Office Supplies
A9: S00008 | B9: P0054 | C9: 46 | D9: =VLOOKUP(B9,Products!$A:$E,2,FALSE) -> Product_54 | E9: =VLOOKUP(B9,Products!$A:$E,3,FALSE) -> Storage
A10: S00009 | B10: P0026 | C10: 29 | D10: =VLOOKUP(B10,Products!$A:$E,2,FALSE) -> Product_26 | E10: =VLOOKUP(B10,Products!$A:$E,3,FALSE) -> Office Supplies
A11: S00010 | B11: P0410 | C11: 30 | D11: =VLOOKUP(B11,Products!$A:$E,2,FALSE) -> Product_410 | E11: =VLOOKUP(B11,Products!$A:$E,3,FALSE) -> Storage
A12: S00011 | B12: P0493 | C12: 49 | D12: =VLOOKUP(B12,Products!$A:$E,2,FALSE) -> Product_493 | E12: =VLOOKUP(B12,Products!$A:$E,3,FALSE) -> Networking
A13: S00012 | B13: P0057 | C13: 7 | D13: =VLOOKUP(B13,Products!$A:$E,2,FALSE) -> Product_57 | E13: =VLOOKUP(B13,Products!$A:$E,3,FALSE) -> Electronics
... A7001: S07000 | B7001: P0109 | C7001: 7 | D7001: =VLOOKUP(B7001,Products!$A:$E,2,FALSE) -> Product_109 | E7001: =VLOOKUP(B7001,Products!$A:$E,3,FALSE) -> Storage

Sheet Inventory report
A1: Product id | B1: Product Name | C1: Category | D1: Unit Cost | E1: Opening Stock | F1: Total Purchased | G1: Total Sold | H1: Current Stock | I1: Inventory Value | J1: Stock Status
A2: P0001 | B2: Product_1 | C2: Electronics | D2: 1739 | E2: 399 | F2: =SUMIFS(Purchases!$C:$C,Purchases!$B:$B,A2) -> 610 | G2: =SUMIFS(Sales!$C:$C,Sales!$B:$B,A2) -> 287 | H2: =E2+F2-G2 -> 722 | I2: =Table1[[#This Row],[Current Stock]]*Table1[[#This Row],[Unit Cost]] -> 1255558 | J2: =IF(H2<50,"Recorder","Ok") -> Ok
A3: P0002 | B3: Product_2 | C3: Office Supplies | D3: 16149 | E3: 134 | F3: =SUMIFS(Purchases!$C:$C,Purchases!$B:$B,A3) -> 292 | G3: =SUMIFS(Sales!$C:$C,Sales!$B:$B,A3) -> 370 | H3: =E3+F3-G3 -> 56 | I3: =Table1[[#This Row],[Current Stock]]*Table1[[#This Row],[Unit Cost]] -> 904344 | J3: =IF(H3<50,"Recorder","Ok") -> Ok | L3: Total Products | M3: =COUNTA(A:A)-1 -> 500
A4: P0003 | B4: Product_3 | C4: Accessories | D4: 48365 | E4: 72 | F4: =SUMIFS(Purchases!$C:$C,Purchases!$B:$B,A4) -> 617 | G4: =SUMIFS(Sales!$C:$C,Sales!$B:$B,A4) -> 354 | H4: =E4+F4-G4 -> 335 | I4: =Table1[[#This Row],[Current Stock]]*Table1[[#This Row],[Unit Cost]] -> 16202275 | J4: =IF(H4<50,"Recorder","Ok") -> Ok | L4: Total Inventory Value | M4: =SUM(I:I) -> 5721630261
A5: P0004 | B5: Product_4 | C5: Storage | D5: 5797 | E5: 322 | F5: =SUMIFS(Purchases!$C:$C,Purchases!$B:$B,A5) -> 524 | G5: =SUMIFS(Sales!$C:$C,Sales!$B:$B,A5) -> 324 | H5: =E5+F5-G5 -> 522 | I5: =Table1[[#This Row],[Current Stock]]*Table1[[#This Row],[Unit Cost]] -> 3026034 | J5: =IF(H5<50,"Recorder","Ok") -> Ok | L5: Low Stock Items | M5: =COUNTIF(J:J,"Recorder") -> 41
A6: P0005 | B6: Product_5 | C6: Networking | D6: 2182 | E6: 35 | F6: =SUMIFS(Purchases!$C:$C,Purchases!$B:$B,A6) -> 897 | G6: =SUMIFS(Sales!$C:$C,Sales!$B:$B,A6) -> 373 | H6: =E6+F6-G6 -> 559 | I6: =Table1[[#This Row],[Current Stock]]*Table1[[#This Row],[Unit Cost]] -> 1219738 | J6: =IF(H6<50,"Recorder","Ok") -> Ok | L6: Total Units Sold | M6: =SUM(G:G) -> 177821
A7: P0006 | B7: Product_6 | C7: Electronics | D7: 14428 | E7: 139 | F7: =SUMIFS(Purchases!$C:$C,Purchases!$B:$B,A7) -> 248 | G7: =SUMIFS(Sales!$C:$C,Sales!$B:$B,A7) -> 483 | H7: =E7+F7-G7 -> -96 | I7: =Table1[[#This Row],[Current Stock]]*Table1[[#This Row],[Unit Cost]] -> -1385088 | J7: =IF(H7<50,"Recorder","Ok") -> Recorder
A8: P0007 | B8: Product_7 | C8: Storage | D8: 39553 | E8: 33 | F8: =SUMIFS(Purchases!$C:$C,Purchases!$B:$B,A8) -> 597 | G8: =SUMIFS(Sales!$C:$C,Sales!$B:$B,A8) -> 339 | H8: =E8+F8-G8 -> 291 | I8: =Table1[[#This Row],[Current Stock]]*Table1[[#This Row],[Unit Cost]] -> 11509923 | J8: =IF(H8<50,"Recorder","Ok") -> Ok
A9: P0008 | B9: Product_8 | C9: Storage | D9: 13131 | E9: 386 | F9: =SUMIFS(Purchases!$C:$C,Purchases!$B:$B,A9) -> 340 | G9: =SUMIFS(Sales!$C:$C,Sales!$B:$B,A9) -> 201 | H9: =E9+F9-G9 -> 525 | I9: =Table1[[#This Row],[Current Stock]]*Table1[[#This Row],[Unit Cost]] -> 6893775 | J9: =IF(H9<50,"Recorder","Ok") -> Ok
A10: P0009 | B10: Product_9 | C10: Storage | D10: 27593 | E10: 132 | F10: =SUMIFS(Purchases!$C:$C,Purchases!$B:$B,A10) -> 697 | G10: =SUMIFS(Sales!$C:$C,Sales!$B:$B,A10) -> 531 | H10: =E10+F10-G10 -> 298 | I10: =Table1[[#This Row],[Current Stock]]*Table1[[#This Row],[Unit Cost]] -> 8222714 | J10: =IF(H10<50,"Recorder","Ok") -> Ok
A11: P0010 | B11: Product_10 | C11: Networking | D11: 38718 | E11: 162 | F11: =SUMIFS(Purchases!$C:$C,Purchases!$B:$B,A11) -> 559 | G11: =SUMIFS(Sales!$C:$C,Sales!$B:$B,A11) -> 220 | H11: =E11+F11-G11 -> 501 | I11: =Table1[[#This Row],[Current Stock]]*Table1[[#This Row],[Unit Cost]] -> 19397718 | J11: =IF(H11<50,"Recorder","Ok") -> Ok
A12: P0011 | B12: Product_11 | C12: Electronics | D12: 49829 | E12: 432 | F12: =SUMIFS(Purchases!$C:$C,Purchases!$B:$B,A12) -> 505 | G12: =SUMIFS(Sales!$C:$C,Sales!$B:$B,A12) -> 429 | H12: =E12+F12-G12 -> 508 | I12: =Table1[[#This Row],[Current Stock]]*Table1[[#This Row],[Unit Cost]] -> 25313132 | J12: =IF(H12<50,"Recorder","Ok") -> Ok
A13: P0012 | B13: Product_12 | C13: Accessories | D13: 45853 | E13: 236 | F13: =SUMIFS(Purchases!$C:$C,Purchases!$B:$B,A13) -> 334 | G13: =SUMIFS(Sales!$C:$C,Sales!$B:$B,A13) -> 429 | H13: =E13+F13-G13 -> 141 | I13: =Table1[[#This Row],[Current Stock]]*Table1[[#This Row],[Unit Cost]] -> 6465273 | J13: =IF(H13<50,"Recorder","Ok") -> Ok
A14: P0013 | B14: Product_13 | C14: Office Supplies | D14: 18310 | E14: 99 | F14: =SUMIFS(Purchases!$C:$C,Purchases!$B:$B,A14) -> 532 | G14: =SUMIFS(Sales!$C:$C,Sales!$B:$B,A14) -> 477 | H14: =E14+F14-G14 -> 154 | I14: =Table1[[#This Row],[Current Stock]]*Table1[[#This Row],[Unit Cost]] -> 2819740 | J14: =IF(H14<50,"Recorder","Ok") -> Ok
A15: P0014 | B15: Product_14 | C15: Accessories | D15: 22159 | E15: 72 | F15: =SUMIFS(Purchases!$C:$C,Purchases!$B:$B,A15) -> 685 | G15: =SUMIFS(Sales!$C:$C,Sales!$B:$B,A15) -> 473 | H15: =E15+F15-G15 -> 284 | I15: =Table1[[#This Row],[Current Stock]]*Table1[[#This Row],[Unit Cost]] -> 6293156 | J15: =IF(H15<50,"Recorder","Ok") -> Ok
A16: P0015 | B16: Product_15 | C16: Electronics | D16: 24998 | E16: 69 | F16: =SUMIFS(Purchases!$C:$C,Purchases!$B:$B,A16) -> 486 | G16: =SUMIFS(Sales!$C:$C,Sales!$B:$B,A16) -> 393 | H16: =E16+F16-G16 -> 162 | I16: =Table1[[#This Row],[Current Stock]]*Table1[[#This Row],[Unit Cost]] -> 4049676 | J16: =IF(H16<50,"Recorder","Ok") -> Ok
A17: P0016 | B17: Product_16 | C17: Office Supplies | D17: 22641 | E17: 329 | F17: =SUMIFS(Purchases!$C:$C,Purchases!$B:$B,A17) -> 323 | G17: =SUMIFS(Sales!$C:$C,Sales!$B:$B,A17) -> 388 | H17: =E17+F17-G17 -> 264 | I17: =Table1[[#This Row],[Current Stock]]*Table1[[#This Row],[Unit Cost]] -> 5977224 | J17: =IF(H17<50,"Recorder","Ok") -> Ok
A18: P0017 | B18: Product_17 | C18: Office Supplies | D18: 2947 | E18: 393 | F18: =SUMIFS(Purchases!$C:$C,Purchases!$B:$B,A18) -> 498 | G18: =SUMIFS(Sales!$C:$C,Sales!$B:$B,A18) -> 341 | H18: =E18+F18-G18 -> 550 | I18: =Table1[[#This Row],[Current Stock]]*Table1[[#This Row],[Unit Cost]] -> 1620850 | J18: =IF(H18<50,"Recorder","Ok") -> Ok
... A501: P0500 | B501: Product_500 | C501: Networking | D501: 6107 | E501: 359 | F501: =SUMIFS(Purchases!$C:$C,Purchases!$B:$B,A501) -> 526 | G501: =SUMIFS(Sales!$C:$C,Sales!$B:$B,A501) -> 199 | H501: =E501+F501-G501 -> 686 | I501: =Table1[[#This Row],[Current Stock]]*Table1[[#This Row],[Unit Cost]] -> 4189402 | J501: =IF(H501<50,"Recorder","Ok") -> Ok

Sheet Pivot Report
B4: Row Labels | C4: Sum of Current Stock | F4: Row Labels | G4: Sum of Inventory Value | J4: Row Labels | K4: Sum of Total Sold | N4: Row Labels | O4: Count of Product id
B5: Accessories | C5: 46893 | F5: Accessories | G5: 1220884223 | J5: Product_192 | K5: 750 | N5: Ok | O5: 459
B6: Electronics | C6: 39920 | F6: Electronics | G6: 1152871710 | J6: Product_311 | K6: 736 | N6: Recorder | O6: 41
B7: Networking | C7: 46797 | F7: Networking | G7: 1149764532 | J7: Product_388 | K7: 650 | N7: Grand Total | O7: 500
B8: Office Supplies | C8: 45119 | F8: Office Supplies | G8: 1193469108 | J8: Product_94 | K8: 634
B9: Storage | C9: 39610 | F9: Storage | G9: 1004640688 | J9: Product_467 | K9: 628
B10: Grand Total | C10: 218339 | F10: Grand Total | G10: 5721630261 | J10: Product_492 | K10: 625
J11: Product_31 | K11: 616
D12: Row Labels | E12: Sum of Inventory Value | J12: Product_108 | K12: 615
D13: Product_214 | E13: 63862925 | J13: Product_310 | K13: 608
D14: Product_256 | E14: 53636051 | J14: Product_324 | K14: 605
D15: Product_41 | E15: 53130378 | J15: Grand Total | K15: 6467
D16: Product_445 | E16: 43438832
D17: Product_88 | E17: 43039530
D18: Product_425 | E18: 42389358
D19: Product_59 | E19: 42014089
D20: Product_349 | E20: 40075560
D21: Product_108 | E21: 39894872
D22: Product_48 | E22: 38304472
D23: Grand Total | E23: 459786067

Sheet Dashboard
A1: Inventory Managemenet Dashboard
B5: Total Products | F5: Total Inventory Value | J5: Low Stock Items | N5: Total Units Sold
B6: ='Inventory report'!M3 -> 500 | F6: ='Inventory report'!M4 -> 5721630261 | J6: ='Inventory report'!M5 -> 41 | N6: ='Inventory report'!M6 -> 177821
G28: Low Stock Items(Need To Be Reorder)
G29: Product id | H29: Product id | I29: Product id | J29: Product id | K29: Product id
G30: P0006 | H30: Product_6 | I30: 14428 | J30: -96 | K30: -1385088
G31: P0031 | H31: Product_31 | I31: 10808 | J31: -86 | K31: -929488
G32: P0034 | H32: Product_34 | I32: 3765 | J32: -10 | K32: -37650
G33: P0054 | H33: Product_54 | I33: 49309 | J33: -21 | K33: -1035489
G34: P0075 | H34: Product_75 | I34: 49597 | J34: 46 | K34: 2281462
G35: P0080 | H35: Product_80 | I35: 14825 | J35: -66 | K35: -978450
G36: P0084 | H36: Product_84 | I36: 15103 | J36: 43 | K36: 649429
G37: P0094 | H37: Product_94 | I37: 47880 | J37: -431 | K37: -20636280
G38: P0099 | H38: Product_99 | I38: 18354 | J38: 7 | K38: 128478
G39: P0101 | H39: Product_101 | I39: 6516 | J39: -187 | K39: -1218492
G40: P0105 | H40: Product_105 | I40: 3942 | J40: -85 | K40: -335070
G41: P0113 | H41: Product_113 | I41: 49119 | J41: 0 | K41: 0
... G70: P0488 | H70: Product_488 | I70: 35328 | J70: -112 | K70: -3956736
